{
    "charmap":{
        "あ":[["ぁ",0.1]],
        "い":[["ぃ",0.1]],
        "う":[["ぅ",0.1],["ゔ",0.1]],
        "え":[["ぇ",0.1]],
        "お":[["ぉ",0.1]],
        "か":[["が",0.1]],
        "き":[["ぎ",0.1]],
        "く":[["ぐ",0.1]],
        "け":[["げ",0.1]],
        "こ":[["ご",0.1]],
        "さ":[["ざ",0.1]],
        "し":[["じ",0.1]],
        "す":[["ず",0.1]],
        "せ":[["ぜ",0.1]],
        "そ":[["ぞ",0.1]],
        "た":[["だ",0.1]],
        "ち":[["ぢ",0.1]],
        "つ":[["づ",0.1],["っ",0.1]],
        "て":[["で",0.1]],
        "と":[["ど",0.1]],
        "は":[["ば",0.1],["ぱ",0.1]],
        "ひ":[["び",0.1],["ぴ",0.1]],
        "ふ":[["ぶ",0.1],["ぷ",0.1]],
        "へ":[["べ",0.1],["ぺ",0.1]],
        "ほ":[["ぼ",0.1],["ぽ",0.1]],
        "や":[["ゃ",0.1]],
        "ゆ":[["ゅ",0.1]],
        "よ":[["ょ",0.1]],
        "わ":[["ゎ",0.1]],
        "ぢ":[["じ",0.1]],
        "じ":[["ぢ",0.1]],
        "づ":[["ず",0.1]],
        "ず":[["づ",0.1]]
    },
    "variant":[
        "ja",
        "JP"
    ]
}
