{
    "lang" : "sv_SE",
    "sections" : [
        {
            "charRules": [
                {
                    "CharRule": {
                        "id": [
                            "»"
                        ],
                        "actions": [],
                        "contextRules": [
                            {
                                "PairRule": {
                                    "id": [
                                        "»"
                                    ],
                                    "state": "CLOSE",
                                    "actions": [
                                        "DEL_SPACE_BEFORE",
                                        "INS_SPACE_AFTER"
                                    ]
                                }
                            }
                        ]
                    }
                },
                {
                    "CharRule": {
                        "id": [
                            "”"
                        ],
                        "actions": [],
                        "contextRules": [
                            {
                                "PairRule": {
                                    "id": [
                                        "”"
                                    ],
                                    "state": "CLOSE",
                                    "actions": [
                                        "DEL_SPACE_BEFORE",
                                        "INS_SPACE_AFTER"
                                    ]
                                }
                            }
                        ]
                    }
                },
                {
                    "CharRule": {
                        "id": [
                            "’"
                        ],
                        "actions": [],
                        "contextRules": [
                            {
                                "PairRule": {
                                    "id": [
                                        "’"
                                    ],
                                    "state": "CLOSE",
                                    "actions": [
                                        "DEL_SPACE_BEFORE",
                                        "INS_SPACE_AFTER"
                                    ]
                                }
                            }
                        ]
                    }
                }
            ]
        }
    ],
    "dependency" : "default"
}
