{"comment":"","charmap":
{
"в": [["ю",1.0],["-в",1.0,0]],
"В": [["Ю",1.0],["-В",1.0,0]],
"ё": [["е",1.0],["-ё",1.0,0]],
"Ё": [["Е",1.0],["-Ё",1.0,0]],
"ш": [["щ",1.0],["-ш",1.0,0]],
"Ш": [["Щ",1.0],["-Ш",1.0,0]],
"ь": [["ъ",1.0],["-ь",1.0,0]],
"Ь": [["Ъ",1.0],["-Ь",1.0,0]],
"а": [["-а",1.0,0]],
"А": [["-А",1.0,0]],
"б": [["-б",1.0,0]],
"Б": [["-Б",1.0,0]],
"г": [["-г",1.0,0]],
"Г": [["-Г",1.0,0]],
"д": [["-д",1.0,0]],
"Д": [["-Д",1.0,0]],
"ж": [["-ж",1.0,0]],
"Ж": [["-Ж",1.0,0]],
"з": [["-з",1.0,0]],
"З": [["-З",1.0,0]],
"и": [["-и",1.0,0]],
"И": [["-И",1.0,0]],
"й": [["-й",1.0,0]],
"Й": [["-Й",1.0,0]],
"к": [["-к",1.0,0]],
"К": [["-К",1.0,0]],
"л": [["-л",1.0,0]],
"Л": [["-Л",1.0,0]],
"м": [["-м",1.0,0]],
"М": [["-М",1.0,0]],
"н": [["-н",1.0,0]],
"Н": [["-Н",1.0,0]],
"о": [["-о",1.0,0]],
"О": [["-О",1.0,0]],
"ө": [["-ө",1.0,0]],
"Ө": [["-Ө",1.0,0]],
"п": [["-п",1.0,0]],
"П": [["-П",1.0,0]],
"р": [["-р",1.0,0]],
"Р": [["-Р",1.0,0]],
"с": [["-с",1.0,0]],
"С": [["-С",1.0,0]],
"т": [["-т",1.0,0]],
"Т": [["-Т",1.0,0]],
"у": [["-у",1.0,0]],
"У": [["-У",1.0,0]],
"ү": [["-ү",1.0,0]],
"Ү": [["-Ү",1.0,0]],
"ф": [["-ф",1.0,0]],
"Ф": [["-Ф",1.0,0]],
"х": [["-х",1.0,0]],
"Х": [["-Х",1.0,0]],
"ц": [["-ц",1.0,0]],
"Ц": [["-Ц",1.0,0]],
"ч": [["-ч",1.0,0]],
"Ч": [["-Ч",1.0,0]],
"ы": [["-ы",1.0,0]],
"Ы": [["-Ы",1.0,0]],
"э": [["-э",1.0,0]],
"Э": [["-Э",1.0,0]],
"я": [["-я",1.0,0]],
"Я": [["-Я",1.0,0]]
},
"name":"Mongolian (Mongolian)","variant":["mn","MN"],"version":[0,3],"local_name":"Монгол (Монгол улс)"}